年级,班级,学号,姓名,性别,平时,期中,期末,总分,绩点,排名
2023级,计算机4班,202300000073,邹天佑,男,98.5,95.5,92.5,94.9,4.49,1
2023级,计算机4班,202300000097,邓航,男,100.0,91.2,93.2,94.8,4.48,2
2023级,计算机2班,202300000047,胡春梅,女,99.7,89.7,91.7,93.7,4.37,3
2023级,计算机4班,202300000013,杜海涛,男,98.7,88.7,92.7,93.7,4.37,4
2022级,计算机2班,202200000029,熊子豪,男,90.7,100.0,92.7,93.6,4.36,5
2023级,计算机1班,202300000042,向志远,男,96.8,93.8,90.8,93.2,4.32,6
2021级,计算机2班,202100000030,邹一鸣,男,96.1,86.1,94.1,93.1,4.31,7
2023级,计算机2班,202300000119,丁雨晴,女,96.6,93.6,90.6,93.0,4.30,8
2021级,计算机1班,202100000001,方彤彤,女,97.3,87.3,91.3,92.3,4.23,9
2022级,计算机3班,202200000006,林帅,男,98.3,88.3,90.3,92.3,4.23,10
2023级,计算机3班,202300000012,秦泽宇,男,95.5,92.5,89.5,91.9,4.19,11
2022级,计算机1班,202200000040,魏一诺,女,88.8,98.8,90.8,91.8,4.18,12
2022级,计算机1班,202200000010,黄可欣,女,94.5,84.5,92.5,91.5,4.15,13
2022级,计算机2班,202200000041,沈雅婷,女,95.0,92.0,89.0,91.4,4.14,14
2021级,计算机1班,202100000013,孔丽娜,女,91.9,97.9,87.9,91.1,4.11,15
2023级,计算机1班,202300000026,廖家豪,男,95.9,85.9,89.9,90.9,4.09,16
2022级,计算机2班,202200000038,赵峥,男,96.8,86.8,88.8,90.8,4.08,17
2021级,计算机1班,202100000007,潘婷,女,94.0,91.0,88.0,90.4,4.04,18
2021级,计算机1班,202100000017,卢书瑶,女,87.4,97.4,89.4,90.4,4.04,19
2021级,计算机2班,202100000018,江洁,女,93.1,83.1,91.1,90.1,4.01,20
2022级,计算机3班,202200000036,姚佳怡,女,95.7,85.7,87.7,89.7,3.97,21
2023级,计算机2班,202300000003,王五,男,90.5,96.5,86.5,89.7,3.97,22
2023级,计算机2班,202300000051,邱岚,女,93.1,90.1,87.1,89.5,3.95,23
2021级,计算机2班,202100000012,韩轩,男,94.1,84.1,88.1,89.1,3.91,24
2023级,计算机1班,202300000054,唐智轩,男,92.0,82.0,90.0,89.0,3.90,25
2021级,计算机1班,202100000021,郝一诺,女,85.9,95.9,87.9,88.9,3.89,26
2021级,计算机1班,202100000023,贾飞,男,93.4,83.4,87.4,88.4,3.84,27
2023级,计算机2班,202300000063,崔沐阳,男,89.1,95.1,85.1,88.3,3.83,28
2022级,计算机1班,202200000004,付辉,男,94.1,84.1,86.1,88.1,3.81,29
2023级,计算机3班,202300000060,余丽,女,84.8,94.8,86.8,87.8,3.78,30
2023级,计算机3班,202300000040,谢志强,男,90.6,80.6,88.6,87.6,3.76,31
2023级,计算机4班,202300000085,蔡可欣,女,93.0,83.0,85.0,87.0,3.70,32
2023级,计算机1班,202300000022,梁辉,男,91.8,81.8,85.8,86.8,3.68,33
2023级,计算机2班,202300000111,朱岩,男,87.4,93.4,83.4,86.6,3.66,34
2021级,计算机2班,202100000026,邱伟强,男,83.5,93.5,85.5,86.5,3.65,35
2023级,计算机3班,202300000048,袁嘉怡,女,89.5,79.5,87.5,86.5,3.65,36
2023级,计算机3班,202300000036,严梓豪,男,91.9,81.9,83.9,85.9,3.59,37
2023级,计算机4班,202300000093,罗嘉宁,女,90.8,80.8,84.8,85.8,3.58,38
2022级,计算机3班,202200000042,莫晓,女,88.7,78.7,86.7,85.7,3.57,39
2023级,计算机1班,202300000001,张三,男,86.5,92.5,82.5,85.7,3.57,40
2023级,计算机3班,202300000120,白燕,女,82.2,92.2,84.2,85.2,3.52,41
2023级,计算机1班,202300000110,高刚,男,90.8,80.8,82.8,84.8,3.48,42
2023级,计算机2班,202300000083,谢泽楷,男,89.6,79.6,83.6,84.6,3.46,43
2023级,计算机4班,202300000065,罗健,男,87.5,77.5,85.5,84.5,3.45,44
2022级,计算机3班,202200000021,向迪,男,81.2,91.2,83.2,84.2,3.42,45
2023级,计算机4班,202300000101,吴岚,女,84.9,90.9,80.9,84.1,3.41,46
2023级,计算机2班,202300000043,彭志强,男,89.9,79.9,81.9,83.9,3.39,47
2023级,计算机1班,202300000102,毛静,女,88.4,78.4,82.4,83.4,3.34,48
2023级,计算机1班,202300000074,韦雨薇,女,86.3,76.3,84.3,83.3,3.33,49
2023级,计算机2班,202300000007,崔琪,女,83.9,89.9,79.9,83.1,3.31,50
2023级,计算机1班,202300000030,郭嘉豪,男,80.0,90.0,82.0,83.0,3.30,51
2022级,计算机2班,202200000023,钟依诺,女,88.9,78.9,80.9,82.9,3.29,52
2023级,计算机1班,202300000018,邹文轩,男,87.7,77.7,81.7,82.7,3.27,53
2023级,计算机2班,202300000103,江旭,男,85.5,75.5,83.5,82.5,3.25,54
2023级,计算机3班,202300000116,苏淑华,女,88.0,78.0,80.0,82.0,3.20,55
2023级,计算机4班,202300000117,顾萍,女,82.8,88.8,78.8,82.0,3.20,56
2023级,计算机2班,202300000071,江娜,女,79.0,89.0,81.0,82.0,3.20,57
2021级,计算机2班,202100000008,赵雨晴,女,86.7,76.7,80.7,81.7,3.17,58
2023级,计算机4班,202300000033,戴逸轩,男,84.4,74.4,82.4,81.4,3.14,59
2023级,计算机4班,202300000057,刘凯,男,87.3,77.3,79.3,81.3,3.13,60
2021级,计算机1班,202100000027,武睿泽,男,78.1,88.1,80.1,81.1,3.11,61
2023级,计算机1班,202300000046,贺笑薇,女,81.6,87.6,77.6,80.8,3.08,62
2023级,计算机1班,202300000070,闫佳颖,女,85.8,75.8,79.8,80.8,3.08,63
2023级,计算机3班,202300000080,顾晨,男,83.7,73.7,81.7,80.7,3.07,64
2022级,计算机1班,202200000016,徐梦,女,86.5,76.5,78.5,80.5,3.05,65
2023级,计算机3班,202300000016,钟媛,女,77.2,87.2,79.2,80.2,3.02,66
2022级,计算机1班,202200000019,孔亦辰,男,85.0,75.0,79.0,80.0,3.00,67
2022级,计算机1班,202200000043,谭佳颖,女,80.8,86.8,76.8,80.0,3.00,68
2022级,计算机3班,202200000039,薛远航,男,85.9,75.9,77.9,79.9,2.99,69
2023级,计算机3班,202300000028,刘伟强,男,82.9,72.9,80.9,79.9,2.99,70
2023级,计算机3班,202300000096,罗雨桐,女,76.4,86.4,78.4,79.4,2.94,71
2022级,计算机3班,202200000027,刘秀,女,84.3,74.3,78.3,79.3,2.93,72
2022级,计算机1班,202200000031,熊岩,男,82.1,72.1,80.1,79.1,2.91,73
2023级,计算机4班,202300000045,段依诺,女,79.8,85.8,75.8,79.0,2.90,74
2023级,计算机1班,202300000006,尹语嫣,女,75.8,85.8,77.8,78.8,2.88,75
2023级,计算机3班,202300000092,范海燕,女,83.6,73.6,77.6,78.6,2.86,76
2022级,计算机2班,202200000026,石静怡,女,84.6,74.6,76.6,78.6,2.86,77
2023级,计算机4班,202300000069,朱强,男,81.3,71.3,79.3,78.3,2.83,78
2023级,计算机4班,202300000053,韦鹏,男,78.9,84.9,74.9,78.1,2.81,79
2023级,计算机2班,202300000075,侯晓月,女,84.1,74.1,76.1,78.1,2.81,80
2022级,计算机2班,202200000005,毛宇,男,75.0,85.0,77.0,78.0,2.80,81
2023级,计算机2班,202300000055,武梅,女,82.4,72.4,76.4,77.4,2.74,82
2022级,计算机1班,202200000022,孔丽,女,83.4,73.4,75.4,77.4,2.74,83
2022级,计算机1班,202200000025,孔静,女,80.3,70.3,78.3,77.3,2.73,84
2021级,计算机2班,202100000022,尹家豪,男,78.1,84.1,74.1,77.3,2.73,85
2023级,计算机2班,202300000015,吕梅,女,74.0,84.0,76.0,77.0,2.70,86
2023级,计算机1班,202300000038,廖学文,男,81.9,71.9,75.9,76.9,2.69,87
2021级,计算机2班,202100000020,薛雨萌,女,82.8,72.8,74.8,76.8,2.68,88
2023级,计算机1班,202300000086,余志强,男,79.6,69.6,77.6,76.6,2.66,89
2023级,计算机1班,202300000050,贾诗琪,女,77.4,83.4,73.4,76.6,2.66,90
2023级,计算机1班,202300000114,黎鸣,男,81.2,71.2,75.2,76.2,2.62,91
2023级,计算机1班,202300000058,邹蕾,女,73.2,83.2,75.2,76.2,2.62,92
2023级,计算机4班,202300000105,戴佳怡,女,79.1,69.1,77.1,76.1,2.61,93
2023级,计算机3班,202300000076,赵玉兰,女,82.0,72.0,74.0,76.0,2.60,94
2023级,计算机3班,202300000064,胡萌,女,76.7,82.7,72.7,75.9,2.59,95
2023级,计算机2班,202300000107,韩嘉豪,男,72.5,82.5,74.5,75.5,2.55,96
2023级,计算机3班,202300000056,覃沐晴,女,80.5,70.5,74.5,75.5,2.55,97
2023级,计算机3班,202300000044,蔡国安,男,78.4,68.4,76.4,75.4,2.54,98
2023级,计算机3班,202300000084,陆敏,女,81.3,71.3,73.3,75.3,2.53,99
2023级,计算机1班,202300000002,李四,女,72.0,82.0,74.0,75.0,2.50,100
2023级,计算机3班,202300000104,严天佑,男,75.5,81.5,71.5,74.7,2.47,101
2021级,计算机2班,202100000032,熊玲,女,79.7,69.7,73.7,74.7,2.47,102
2023级,计算机3班,202300000008,马桐,男,77.6,67.6,75.6,74.6,2.46,103
2023级,计算机2班,202300000099,石静,女,80.5,70.5,72.5,74.5,2.45,104
2023级,计算机1班,202300000010,蔡刚,男,75.0,81.0,71.0,74.2,2.42,105
2021级,计算机1班,202100000029,肖波,男,79.1,69.1,73.1,74.1,2.41,106
2021级,计算机1班,202100000035,韦倩,女,71.1,81.1,73.1,74.1,2.41,107
2023级,计算机2班,202300000115,顾舒涵,女,76.8,66.8,74.8,73.8,2.38,108
2022级,计算机2班,202200000020,杜静怡,女,79.7,69.7,71.7,73.7,2.37,109
2022级,计算机2班,202200000011,程蓉,女,74.3,80.3,70.3,73.5,2.35,110
2022级,计算机2班,202200000008,田杰,男,70.4,80.4,72.4,73.4,2.34,111
2022级,计算机2班,202200000032,唐超,男,78.2,68.2,72.2,73.2,2.32,112
2023级,计算机4班,202300000041,任向阳,男,76.1,66.1,74.1,73.1,2.31,113
2023级,计算机2班,202300000091,蒋雨萌,女,78.8,68.8,70.8,72.8,2.28,114
2023级,计算机4班,202300000109,黎露,女,73.6,79.6,69.6,72.8,2.28,115
2023级,计算机2班,202300000095,袁平,男,69.6,79.6,71.6,72.6,2.26,116
2023级,计算机3班,202300000108,方少华,男,77.4,67.4,71.4,72.4,2.24,117
2023级,计算机3班,202300000100,郑嘉懿,男,75.3,65.3,73.3,72.3,2.23,118
2022级,计算机1班,202200000007,熊建国,男,72.8,78.8,68.8,72.0,2.20,119
2023级,计算机1班,202300000034,薛霞,女,69.0,79.0,71.0,72.0,2.20,120
2022级,计算机3班,202200000015,姜佳怡,女,77.9,67.9,69.9,71.9,2.19,121
2023级,计算机2班,202300000023,杨康,男,76.6,66.6,70.6,71.6,2.16,122
2023级,计算机4班,202300000061,薛岚,女,74.5,64.5,72.5,71.5,2.15,123
2023级,计算机2班,202300000059,曾雨欣,女,72.2,78.2,68.2,71.4,2.14,124
2021级,计算机1班,202100000003,高泽楷,男,77.3,67.3,69.3,71.3,2.13,125
2022级,计算机1班,202200000028,戴嘉懿,男,67.9,77.9,69.9,70.9,2.09,126
2022级,计算机3班,202200000003,徐雪梅,女,75.6,65.6,69.6,70.6,2.06,127
2023级,计算机4班,202300000077,贾婷,女,76.6,66.6,68.6,70.6,2.06,128
2023级,计算机3班,202300000072,钟泽楷,男,73.5,63.5,71.5,70.5,2.05,129
2023级,计算机2班,202300000087,马子墨,男,71.3,77.3,67.3,70.5,2.05,130
2021级,计算机1班,202100000019,邱绍辉,男,67.1,77.1,69.1,70.1,2.01,131
2022级,计算机1班,202200000013,周琳,女,75.1,65.1,69.1,70.1,2.01,132
2023级,计算机4班,202300000017,赵淼,女,72.9,62.9,70.9,69.9,1.99,133
2023级,计算机4班,202300000021,贾帅,男,70.6,76.6,66.6,69.8,1.98,134
2023级,计算机1班,202300000098,朱绍辉,男,66.4,76.4,68.4,69.4,1.94,135
2022级,计算机2班,202200000017,刘磊,男,75.1,65.1,67.1,69.1,1.91,136
2023级,计算机1班,202300000106,姚若涵,女,73.9,63.9,67.9,68.9,1.89,137
2023级,计算机3班,202300000112,张瑶,女,69.7,75.7,65.7,68.9,1.89,138
2022级,计算机3班,202200000030,陆霞,女,71.8,61.8,69.8,68.8,1.88,139
2021级,计算机2班,202100000024,汪雨桐,女,65.8,75.8,67.8,68.8,1.88,140
2021级,计算机2班,202100000014,袁海涛,男,68.8,74.8,64.8,68.0,1.80,141
2023级,计算机2班,202300000005,孙七,男,74.0,64.0,66.0,68.0,1.80,142
2023级,计算机1班,202300000118,金慧敏,女,72.4,62.4,66.4,67.4,1.74,143
2023级,计算机1班,202300000014,莫志强,男,68.2,74.2,64.2,67.4,1.74,144
2022级,计算机3班,202200000045,沈倩,女,64.3,74.3,66.3,67.3,1.73,145
2023级,计算机1班,202300000062,金旭,男,70.2,60.2,68.2,67.2,1.72,146
2023级,计算机3班,202300000088,熊一鸣,男,67.5,73.5,63.5,66.7,1.67,147
2023级,计算机2班,202300000027,郑梦洁,女,63.1,73.1,65.1,66.1,1.61,148
2023级,计算机4班,202300000029,董锦程,男,65.6,71.6,61.6,64.8,1.48,149
2023级,计算机1班,202300000078,苏晓,女,64.9,70.9,60.9,64.1,1.41,150
2023级,计算机4班,202399990020,韩峰,女,57.0,45.0,51.0,51.6,0.00,151
2023级,计算机2班,202399990010,孙浩,女,57.0,45.0,51.0,51.6,0.00,152
2023级,计算机2班,202399990018,宋涛,女,52.0,44.0,50.0,49.4,0.00,153
2023级,计算机4班,202399990008,吴磊,女,52.0,44.0,50.0,49.4,0.00,154
2023级,计算机1班,202399990009,郑爽,男,48.0,52.0,47.0,48.3,0.00,155
2023级,计算机3班,202399990019,唐雪,男,48.0,52.0,47.0,48.3,0.00,156
2023级,计算机4班,202399990016,罗鹏,女,52.0,44.0,47.0,47.9,0.00,157
2023级,计算机2班,202399990006,刘洋,女,52.0,44.0,47.0,47.9,0.00,158
2023级,计算机3班,202399990007,周婷,男,44.0,52.0,47.0,47.1,0.00,159
2023级,计算机1班,202399990017,梁静,男,44.0,52.0,47.0,47.1,0.00,160
2023级,计算机3班,202399990015,高娜,男,52.0,40.0,46.0,46.6,0.00,161
2023级,计算机1班,202399990005,陈晨,男,52.0,40.0,46.0,46.6,0.00,162
2023级,计算机3班,202399990003,王强,男,47.0,39.0,45.0,44.4,0.00,163
2023级,计算机1班,202399990013,林芳,男,47.0,39.0,45.0,44.4,0.00,164
2023级,计算机2班,202399990014,何伟,女,43.0,47.0,42.0,43.3,0.00,165
2023级,计算机4班,202399990004,赵敏,女,43.0,47.0,42.0,43.3,0.00,166
2023级,计算机3班,202399990011,朱琳,男,47.0,39.0,42.0,42.9,0.00,167
2023级,计算机1班,202399990001,张小明,男,47.0,39.0,42.0,42.9,0.00,168
2023级,计算机4班,202399990012,胡军,女,39.0,47.0,42.0,42.1,0.00,169
2023级,计算机2班,202399990002,李小红,女,39.0,47.0,42.0,42.1,0.00,170
